question,class,label
На руках ведь всю церемонию должен быть ребёнок? У крестной или крестного?,1,1
"Доброе утро. Девушки, как считаете, можно ли дочу лечить тем же что и сына? Сыну почти 4 года, загноились глаза, прописали протирать раствором Фурацилина и капать ципролет. Сегодня у дочи почти 1.5 года тоже загноились глаза, пока только протираю.",0,1
В смысле писать? В полицию звоните.,1,0
"Отозвался - значит сам себя лишил водит.прав, минимум, на 1,5 года 
Где такие участники ДТП водятся? ",1,0
Ребёнок в коляске? Или как?) Мой просто вообще на спине не лежит( тоже пробовала так готовить),1,0
"Ну мне сложно на «ты», так как мы не знакомы. Доктор наук, опять же А каких, кстати? ",0,0
Здравствуйте! Подскажите у ребенка 8 мес. температура 38.2 что делать? В матрешку ехать или скорую? Первый раз такое...,1,1
"Ну на счёт вакцинации я сильно не уверена, но просто через продукты в кровь не попадёт зараза, иначе мы не вылазили бы из инфекционок) это как забеременеть через воду в ванной )) нужен именно обмен жидкостями, в открытую рану слюна же не текла, правильно? Значит все хорошо будет ) по воздуху только страх передаётся ",0,0
"Добрый вечер! Подскажите , кто пользовался детской посудой из бамбука ? Где покупали?",1,1
"Что вам даст количество детей? Ничего. Десять детей могут жить с холодной матерью, которая получает удовлетворение от рождения детей, но не умеет общаться с подрастающим детьми, поэтому вынуждена рожать снова и снова, как только предыдущий малыш дорастает до возраста, сложного для матери.",1,0
А ссылка осталась у вас? ,1,0
"Я без понятия? Мы покупали все 3, а потом периодически слышала информацию, что ставят бесплатно",1,1
"девушки, добрый день!

А есть тут мастер по волосам, который умеет распутывать колтуны? у меня волос прямой, слегка длиннее лопаток. Но как-то от езды на мопеде образовался колтун такой, что вообще никак не распутать самостоятльно. Сталкивалась уже с этой проблемой на острове и чудо девочка распутала за пол часа. Может среди вас, кто сможет? Мне бы и кончики заодно после подрезать:)

Территориально - Петингет, Семиньяк, Каребокан, Кута, Чангу.",0,1
"А оставшийся срок вы не берете в расчет? Если я взял на 10 лет,а осталось платить 2, вы думаете выгодно рефинансироваться при условии снижении ставки на 1,5 пп?",1,1
Вы в ГПЦ пойдёте ?  Платно?,0,0
"Сколько человек/ребятишек крестили? (не хочу, чтобы много народу было)",1,0
"Девочки хочу с вами посоветоваться)
Как прилетела, начала сильно отпекать . Ещё живот постоянно вздутый ( первое время ела их местную еду).

Как бороться с отеками ?  йога, растяжка, спорт - это есть  

Может какие-то рецепты, чаи ?",1,1
"Пойдет на стенку? (Я в куре что отправляю во второй раз, я внятного ответа/совета не получил)",1,0
"Девочки, привет! Может кто знает, где продаются вейлы? Или может кто продаёт?",0,1
А есть что типа памяти терария или что то того? Может мир превысил?,1,0
"Привет)Может кто знает хорошие магазины одежды? Хлопок,лен с большими размерами.Хотим двух мам отправить на шопинг )",1,1
Да вы что? А почему?,0,0
Что значит с вашей помощью? ,1,1
"А вообще, кто-нибудь подскажет может - инет, который предлагают изначально - нормальный? Есть смысл заморачиваться?",1,1
А как имя узнал? Интересно же,1,0
"Девочки, никто не сталкивался у малыша 6 мес, синячки под глазами не проходят?(раньше такие были, когда спатт хочет, а теперь постоянно, сиреневенькие ) а вкупе с тем, что на сон уходим каждые 1,5 часа(иначе устаёт), меня настораживает... Или может на зубы такое быть? Вот говорят, если ребёнок бодр и весел, то все ок. А если спать начинает проситься каждый час, это бодр?",0,1
"Нет, не делали, не знаю почему. Тоже об этом думала. Думала, может без меня делали? Но я от ребёнка н куда не отлучалась. Или это все делают как только родился?",1,1
"Какая шуба!? Верблюжий мех, монгольский, 10 кг 12 тугриков",1,0
знаешь? твоя очередь фото в маске показывать,1,0
"доброе утро, а почему так делают, расскажите? честно, ни разу не слышала что батареи снимают",1,0
"Всем привет девочки!

У кого нибудь есть в аптечке ГЕНТАМИЦИН? 
Супруг отравился (( 
А у нас как ни странно именно от отравления антибиотиков нет",1,1
"Девочки всем привет,подскажите что делать,доче 1,5 два дня как не может прокататься,начинает какать,тужится очень сильно,я вижу что очень твёрдый калл идёт (мы на унитаз ходим) немного вытолкнет и вскрикивает начинает плакать очень сильно,я так понимаю что это запор и она зажимается и все обратно... поставила вчера пол свечки глицериновой детской эффекта 0. Сегодня вижу что жмётся,резко плачет,но отказывается идти в туалет и в подгузник тоже,поставила ещё пол свечки и опять ничего. Что делать? Первый раз у нас такое",1,1
К вопросу кривошеи. Может у кого такое было. Как лечили? Мы сейчас проходим курс массажа. Сегодня 7е будет уже и я пока улучшений не вижу не понимаю почему так...,1,1
"Верхнее более менее к моему нормальному приближено, обычно 110-120. А вот 60 это маловато((( настойки в аптеке продаются? Идея с коньячком мне нравится. Я не особый любитель крепких напитков, а на ГВ так вообще практически трезвенник, но сейчас так захотелось ",1,1
"Всем привет! Подскажите, плиз, где в Чангу, Керобокан хорошие йога залы? Виньяса или хатха. 
Благодарю ",1,1
Девочки подскажите мыло которое хорошо отстирывает белое ? Как наши типо ушастый нянь,1,1
"Там есть спорные моменты. В части есть домыслы.
Но, всё вытекает из реформы минздрава. Отсюда не хватка медицинских кадров, не хватка больниц.
Эпидемия пройдет, построенные больницы снова закрывать? Ведь содержание их - это также большие деньги.",0,1
"Девочки, от газиков врач посоветовала боботик или эспумизан.. как определить, колики у нас или газики,если вообще разница есть..и стоит ли эти лекарства брать вообще? 
Мы вечерами можем часов по 5-6 на руках,плачет,выгибается,то успокоится..в животике бурлит.. газики выйдут,уснет неналолго и опять по новой((((",0,1
"Здравствуйте, девушки! Ребенку 11 месяцев. Высокая температура третий день до 39 и ооочень обильное слюноотделение может быть симптомом чего-то, кроме зубов? Например, при боли в горле?",1,1
"Девушки, помогите, пожалуйста. Возможно вы знаете, где можно купить планшет или ноутбук? Заранее спасибо!",1,1
Может у кого-то есть знакомые с местной картой? Помочь вывести,1,0
кто ? ),1,0
"Девочки, где годик отметить? (( Хочется на природе, но боюсь с погодой. Детские комнаты не интересны, т.к. , видимо, доча одна будет из детей, одни родственники. Может есть варианты с беседкой где можно свалить в помещение?)",1,1
Так может лучше из шприца физраствором? Соль то едковата все же,0,0
"Соседи, доброе утро.
Как обычно, нужны эксперты из чатика.
Сделали перепланировку.
Подали все необходимые документы в Росреестр с новыми данными и новым техпаспортом.
Но в выписке ЕГРН на главной странице площадь старая. Кто опытный, как это чинить? И поэтому стоит отментка, что данные ""актуальные неподтвержденные""",1,1
А типо вкладку листнуть и сразу человек изменится? Ты сейчас реально туповат стал или играешь хз зачем,1,0
Кто в первой стоматологической поликлинике в солнечном лечит зубы? Посоветуйте там стоматолога.,0,1
У вас срок поверки подошёл? Вызывали или внезапно?,1,0
"Ребята, привет! Кто есть с 1 го корпуса? У вас есть горячая вода,",1,1
"С кем я сейчас разговариваю? Патрисия, это ты?",1,0
"Девушки, здравствуйте! Подскажите, пожалуйста, можно ли пить АЦЦ на ГВ? Не могу понять. В интернете написано можно, на е-лактации тоже можно, а в инструкции нельзя(",0,1
"Девочки Кто хочет Лулу себе? Это заряженный оберег с натуральными камнями, вплетаемый в волосы при вплетении можно заложить запрос или намерение, загадать желание. Носить можно 2-3 месяца, потом вплести повторно, если будет желание одна есть в наличии, и также могу сделать на заказ, индивидуально подобрать камни под ваш конкретный запрос",1,0
Че идём нет? Утром?,1,0
"Вот и у нас такое же, от брата досталось, смотреть страшно.
Спасибо за совет! 
А куда отдавали? В снежинку?",0,0
вот и я о нем подумываю ) а где это находится? какая стоимость?,0,0
"Девчонки, кто в беременность мучался с судорогами?( что делали или вообще на что обратить внимание? Впервые столкнулась с этим и на одной ноге , постоянно как будто тянет и в напряжении. Утром пока не расходишься, тупая боль в мышце(",1,1
"Есть желающие поучаствовать в распродаже? 

Выходите)))",1,0
"Девушки, кто с нами отмечать 8 марта на Нуса Пениде? Снорклинг, супер весёлый и заботливый русский! гид на авто покажет нам лучшие локации острова! Все включено, не нужно ни о чем думать На два дня!",1,0
"А, пробовали? Приезжали?",1,0
"Девчат, привет
**Может кто отправлял открытки с Бали в Россию? Что по стоимости и как правильно адрес писать чтобы не ошибиться?**",0,1
"-Алло, это пожарная? 
-да! 
-у нас огонь! 
-все огонь?
-да! 
-хорошего вечера",1,0
"Опытные мамы, подскажите)) отселение в свою кроватку может поспособствовать самостоятельному засыпанию? Купить ""взрослую"" кровать и сказать, что ты теперь большая, будешь спать здесь. Или наоборот, лучше сначала научить ребенка засыпать самому, а потом отселять? Сейчас ребенок с нами спит",1,1
"Мы лежим в больнице, ребёнка капают. Рвоты нет, только понос. Ребёнок на груди. Но вот говорят допаивать смектой и водой. А до 6 месяцев воду нельзя? Смекту на молоке развожу. Не знаю правильно ли?",1,1
"Заманчиво, но он точно обеспеченный и бездетный? И в каком банке?",0,0
Вторая волна будет? Выходить прям хочется,1,0
"В тему паспортов и детей, подскажите, в какой организации сейчас вписывают ребенка в паспорт и заверяют печатью? Несколько лет назад вписывали там же где прописку делали, но сейчас прописку делали в другом месте и там не в курсе",0,1
И что они при виде забора не будут никатин употреблять? Еще и курящие в окно соседи при виде забора перестанут курить? И кидать окурки на балкон,0,0
Девочки нет знакомых балияк которые желают массаж лица ? Улувату может кто-то знает,0,1
Собачники есть в чате? )),1,0
"Погодите, если вы метро не пользуетесь, как вы можете идти в мак… к этим смертным…? А вдруг там бичи из ОП работают, которые с крысами в обнимку спят…",0,0
"алло, это бордель? можно мне мамашу мая и побыстрее пожалуйста",1,0
"А в августе придёт за август? Или ждать потом за август только в сентябре?
По аналогии как с детскими до 1,5 лет. Первую выплату делают в течение 10 дней с даты. А потом за текущий месяц только в следующем",1,1
"Это не подписанные указы без гербовой печати??? Да , я смотрел их
 Ржака",0,1
"Девчонки привет, при  гсд реально заранее кладут в роддом? А если сахар в норме, но врач говорит если хоть раз поднялся, то всё ставят диагноз гсд и заранее в роддом дают направление кто был уже по практике, можно писать отказ ? Или вообще что было с Вами и малышом перед пдр ",0,1
Ты это к чему? Сарказм или что?,0,0
"Девочки , подскажите, где можно купить крем для депиляции??? Пользуюсь только ими",1,1
"Наверняка. 2 или 3 недели как не кормлю
Тоесть надежда есть? Готова ждать.....",1,0
"Добрый день) мамы, у кого нет помогающий бабушек, как решаете вопрос с постоянными больничными? Я три недели работаю, неделю на больничном) помогать некому) может есть какие то лайфхаки которые мне в голову не приходят
С коллективом отношения хорошие но не думаю что надолго) работы и так выше крыше, практически живём на ней а тут ещё мою работу скидывают)
С кем не поговоришь у всех есть бабушки и дедушки которые посидят, такое ощущение что я одна такая кто ходит на больничный каждый месяц)",0,1
"Помню. Может разные бригады? У 2 к нормальная, а у нас не очень((",1,0
"Мамы мальчиков, подскажите, кому в роддоме ставили водянку яичек, и прошла ли она сама? Или маме нужно что то делать? Слышала, что как то надо яички приподнимать, когда меняешь подгузЧитаю, что к году она обычно должна пройти сама, так ли это?",1,1
"Мамочки, кто есть юристы? подскажите , за кап ремонт все- таки смогут принудить оплатить ? Стоит платить за него вообще ? А то долг за 3 года накопился. Цифры страшные) порываюсь все же начать платить )",1,1
От кого у вас прошивка? От пукинаудукина,1,0
Девочки! У кого-нибудь плесень на потолке была после затоплений? Как боролись? И стоит ли с ребенком съехать пока папа с ней справится?,1,1
"Никто не терял кота? 
Берава",0,0
Кому? Мне?,1,0
"Всем привет. Может быть кто-то подскажет тренажёрный зал в Ницце, куда можно ходить без предъявления бумажек? Если таков вообще существует. 

В крайнем случай посоветуйте пожалуйста спортивную площадку) район Гамбета",0,1
"Девушки, выручайте!)) Где снять беседку, чтобы можно было с детьми, для них безопасно? В поляне рядом обрыв и река, на Якоби дорого, красный дом турбаза - уже занято ((( и ещё вопрос кто-нибудь жарит на даче шашлыки или прям нельзя нельзя?",1,1
а может рабочий стол почистить? тоже диск С,1,1
"В те же средние века не было эгоцентристов, херово работаешь? Дали пропиздюлины
Не слушаешь старших? Пропиздюлины сильнее
Разве что монархи какие-то которых нормальные люди грохнули в революциях",1,0
"Интересно, это не вы, случайно на рэнжике выезжали недавно через пешеходный переход? 

Никогда просто не видела проблемы выехать/заехать при наличии среднего ряда. Поэтому уточнила, но в целом, вообще, вы правы, конечно",0,0
"Дорогие девушки, кто-нибудь знает аналоги индонезийский лекарства ФУРОМАГ ?? Это от цистита ",1,1
"Добрый вечер. Извиняемся за свой шутливый разговор между знакомыми не один год людьми..
Чего хотели? Задавайте вопросы, мы вас ждали.. Вы нам очень важны!",1,0
Всем мамочкам добрый день  кто пользовался духовками с функцией СВЧ отзовитесь? Стоит такую покупать или всё же нужно разграничить эту технику?,1,1
"Девочки, привет! Кто сталкивался, подскажите, пожалуйста, как подать на алименты? У мужа есть ребёнок от первого брака, он платит алименты. У нас родился общий ребёнок. Я хочу подать на раздел алиментов.",1,1
"Всем привет! Беременным не противопоказано грибы собирать? То, что постоянно в наклоне,  ничего не передавливается у плода ?",1,1
"Мамы, успокойте душу! Дочке 9 месяцев, температура с вечера 37 с копейками, ни соплей ни кашля Вялая,капризничает.Недавно вылезли два верхних зуба. Еще лезут? Педиатр после обеда только, едем из деревни",1,1
А что плохого в дистанционном обучении взрослых? Я месяц назад курс повышения квалификации прошла дистанционно) очень удобно) не надо бросать семью и ехать в Москву чтоб улучшить знания),0,1
Здорово! А какая стоимость? Отличная от цены на сайте?  И что если брать ночь в отеле?,1,1
"Всем добрый вечер! У среднего ребенка вроде ветрянка высыпала по телу, по крайней мере сильно похожа. Завтра думаю сгонять в инфекционку показаться. Может ли как-то это отразиться на грудничке? Нам почти 2 мес.",1,1
"Вот тоже беспокоит момент с речью. Сыну 1 и 10, говорит сло 20 (считая звукоподражание).были у невролога сегодня, посоветовала нам вести речевой дневник, чтобы отслеживать прогресс. Поделитесь, у кого когда ребенок заговорил активно? Может какие-то занятия помогли?",0,1
"Вот я удивляюсь, у нас в стране заборов мало? Или вам глаз радуют? Может газоны во дворе тоже заборами обнесем, чтоб как в лучших домах лондОна? ",0,0
"Девочки порекомендуйте топ пиццу? 
Чангу,Семиньяк, Кута",1,1
"Мамы, подскажите! Ребенок наелся шариков, которые в пакетике в обувных коробках? Что делать? Они токсичные?",1,1
"Всем привет 
Возможно кто-то может поделиться походными рюкзаками на 6 дней? 
Или может кто-то продаёт 
Буду очень благодарна",0,1
"Спасибо! А ребёнок как на экг себя вёл? Боюсь,  что мы будем там кричать сильно и не станет лежать. Ребёнку стресс, а результат не информативный",1,0
У вас есть паркинг или кладовка? Когда вас пригласили смс на приёмку объекта?,1,1
Кста зачем вам посох раздора? Типо мне и без него заебись,1,0
"Подскажите как ребёнка приучить спать в своей кроватке, приставной? Нам почти 7мес.спим вместе, засыпаем только с титей. Как от этого мягко уходить? Или ещё рано?",1,1
"Девочки, подскажите, где можно купить шторки на окна не дорогие? Длинные в пол) прозрачные, Не дорогие",1,1
"Лучше все же подвязывать или бандаж? У меня уверсальный, который и до родов можно носить и после",1,1
Девочки в Убуде! Есть ли у кого-нибудь утюжок для волос? Нужен на один день,1,1
"Привет, девушки! Просветите, что у нас с дет.садиками/нянями на Бали? Букит преимущественно интересует",1,1
"Девушки, можно ли ребенка вести в садик если у него сопли?  Заболел 5 дней назад,  температура не высокая была 1 день, все это время сопли и подкашливает из-за соплей. Сейчас никаких симптомов болезни нет, кроме соплей",0,1
А чат про канатную дорогу от Котельников к Меге есть уже? ,1,1
"Чего вы там шифруетесь..? Мы люди взрослые, понимаем.. командировка..., семьи далеко...",1,0
"А вам что важнее: чтобы вам и ребенку было хорошо или чтобы окружающим было приятно на вас смотреть? Это ж не бабкины панталоны в конце концов, просто необычная одежда))",1,0
"Это что-то меняет? Болеют минимум семьями. Из них забирают только тех, кому реально очень хреново.
Ладно, давай не будем тут страшилки разводить. Больные есть, патрули есть, обязанность носить маски/перчатки есть, пропуска есть. Пока лучше не приезжать. Вот честно, посиди до июня хотя бы.",0,0
Шиз ? Какой 0.7.0 ?,1,0
"Добрый вечер.Подскажите пожалуйста назначил гинеколог сдать гормоны кровы ( ФСГ, ЛГ, ТТГ, АМГ, пролактин,эстрадиол, свободный тестостерон+ ферритин и витамин Д). Где лучше сдать? И цены приемлемые? Это дорогое удовольствие? Может кто сдавал) поделитесь пожалуйста",0,1
"Кто знает какие-нибудь Арт мастерские, где учат делать интерьерные картины ? Смолой, например",1,1
Как же туда мусоровоз пролезет...? А ещё и маневр по разгрузке занимает огромное пространство,1,0
"А  зачем тут купили квартиру , зачем живёте ? Вечно всё не так.",1,0
"Фарш? Те же блюда, но с фаршем.",1,0
Птенца?? Их же как мусора,1,0
"Надо, может, жалобу в Роскомнадзор или ФАС за незаконное распространение рекламы? Надо проверить, как это регулируется...",1,1
"Девочки, в саду правда все болеют? Ребенку 1,10, пошли в частный сад, через 2 недели сопли, еще через неделю попали в инфекционку с острой кишечкой и непрекращающейся рвотой. До этого ребенок ни разу не болел. Как тогда работать не понимаю...",1,1
Правда? А то Гугл пишет с 7:30,1,0
"Доброй ночи!  Подскажите, пожалуйста,  президентские/путинские выплаты уже приходили? Я продлевала в марте, из мфц документы об ответе еще не забрала ( хотелось бы знать ждать или нет в этом месяце)",0,1
"Я свою гигу перешивал после четырех пива по этой инструкции, вообще не помню, чтоб встретились проблемы. Мож в этом дело? ",0,0
"У нас сейчас идут с этим счетчиком разборки, когда пришли в УК они офигели, сказали такого быть не может. Мы вызвали техника чтоб проверил счётчик, он только что пришёл , посмотрел и говорит что к вам никто не подсоединён (он это проверил) , и то что возможно это берут так тёплые полы. Получается мы каждый месяц будем платить за одни полы 20 тысяч??? Квартира 2-ка",0,0
Посудомойку отдаёте? А какого размера она?,1,1
"Девочки, может у кого есть знакомые, которые занимаются заменой замков и ручек на входной двери квартиры? Или  может кто делал и посоветовать мастера можете? Муж сейчас ручку сломал, надо срочно менять, а с чего поиски начать даже не знаю ",0,1
А если регидратация нет? Компот по-моему можно,1,0
"Девы, кого кусали мыши или крысы ? Че делали ? Заразные они ? Я без страховки , стоит ли кипишевать ? Достаточно просто обработать или в больницу бежать ?",1,1
"Я просто не знаю, температура от чего, если в груди нет уплотнений может быть температура? (",1,1
"Девчонки, кто-нибудь готовил маски из местных фруктов? Посоветуйте что-нибудь от воспалений для чувствительной кожи:)",1,1
Как дела ? Что делаешь? ,1,0
Где пропадала? Вроде в Маями торнадо не было,1,0
"По фото видео, что мастер начинающий, чего вы ожидали?) 
И какая разница, где принимает мастер? На дому уже давно делают качественнее, чем в салонах  Просто у девушки опыта мало мб, а вы так на неё говорите)",1,0
А если правда на рукавах белой замазкой подписать корпус подъезд этаж? Она же не оттирается. Будет проблема такие сбыть,1,1
"Все эти планы это очень весело, но только пруд наш не просто пруд и как они его так легко засыпят непонятно.речушку тоже что ли засыпят? А потом все это счастье размоет?)",1,0
"Я тоже так хочу  далеко поедете, что бы увидеть? Где лучше видно?",1,0
Девочки! Кому нибудь назначали ингаляции с деринатом? Что можете сказать?,0,1
"Т.е ты приходишь в ресторан и там на вопросы отвечаешь,? Типа того?)",1,0
"Всем привет, можно я разбавлю вашу дискуссию о прививках) и затрону очень интимную и проблемную тему для менякак бороться с геммороем? И анальными трещинамм... Ставила натальсид, толку нет",1,1
"Девочки, как уговорить подругу оставить ребёнка, хочет делать аборт  она болеет вич. С таким диагнозом реально же выносить ребёнка и родить? да кормить грудью не сможет, но это же не так важно",1,1
Как это? Куда? У нас ничего не гуляет и не проминается. Возможно сделан пол с нарушением технологии ,1,0
а сколько стоит школьный обед? в день,1,1
"Койл, койл, койл
Сука прямо подо мною
Каждый рейз наполнен болью
Кричат души на Стокгольме
Зиксиэс и ты покойник
В моём лобби ты не воин
Не рычи, надень намордник
Реквием, тебе хуёво
Койл, койл, койл
Сука прямо подо мною
Каждый Рейз наполнен болью
Кричат души на Стокгольме
Зиксиэс и ты покойник
В моём лобби ты не воин
Не рычи, надень намордник
Реквием, тебе хуёво
Шадоу шадоу финд
Парень без обид
Рейз быстрее чем стампид
Твой Угли фейс уже разбит
Слышь ебучий псих, твой плейстайл – это стыд
И я бля шадоу Финд, ты ебучий психокид
Ты блять кто такой? А? Сука, чо не нравится?
Трипл Рейз в ебло и твоё эго блять расплавится
Твоя блядь на Пос 5, она лает и кусается
Я бля перфект плеер, меня это не касается",1,0
"Девочки, кто-нибудь сталкивался с постельным клопом?  Просыпаюсь каждое утром с укусами, ночью тоже посыпаюсь от того, что чешутся укусы на ногах, но сегодня поняла, что комаров нет...просмотрела матрас, никаких гнёзд нет..единственное - следы в виде чёрных точек на постеле и на полу во многих местах...",1,1
"Есть у кого-то Стим на ПК? 
Если хотите скажу как бесплатно в Стиме играть в террарию",1,0
а что вообще объединяет наши корпуса после сдачи домов? разве это юридически не разные сущности теперь? у нас просто общий стиль домов и так уж получилось единая УК,1,0
"Ребят, вы понимаете, что половина из вас прикалывается, а другая половина на полном серьёзе всё воспринимает? ",1,0
"А есть те, кто не оплатил ещё? У меня рука не поднимается 18 тыс оплачивать)",1,0
А у вас какой участок? ,1,0
"Конверс точно не подделка?  Вообще у оригиналов хорошие материалы, очень их люблю",1,1
"Я делаю в поликлинике.  Мне говорили - ходить 2 раза в год. Хожу сейчас реже. Раньше 2 р в год ходила. Когда дочери небыло. Давно уже не была. Но миндалины и не набухшие. И не беспокоят. Врач сказала - приходите не процедуры. Сдаю перед этим мазок из носа. Зачем хожу, если не беспокот!? Пробок в горле не вижу.",1,1
"Здравствуйте, а по ссылке есть информация о дозировках? Сколько давать детям, а сколько взрослым?",1,1
"НЕМЕЦКАЯ ШКОЛА ТРЕНЕРОВ РУЛИТ 

После того как Челси Тухеля обыграл Манчестер Сити немецкие тренеры стали лидировать в Лиге Чемпионов. Семь раз они выигрывали Лигу Чемпионов. И это лучший показатель. У итальянцев и испанцев по 6 побед. Причем последние 3 ЛЧ брали именно немецкие специалисты. Получается немецкая школа тренеров лучшая в европейских чемпионатах прямо сейчас. Хотите, чтобы ваша команда играла хорошо? Обратите внимание на немецких тренеров.",0,0
"А как узнать что он наложился на босса? То есть эта книга нужна только для дебафа, а не для урона? А в террарии есть маг защита и физическая, или он обе дебафает?",1,1
"Всем привет, подскажите где в Иркутске брать растущий стул? Интернет пестрит объявлениями и разными ценами... На что обратить внимание?",1,1
да да. а точно не болела? у некоторых просто она крайне легко,0,0
"Девчонки привет! Я собираюсь на Бали в ближайшие недели, подскажите пожалуйста, как быть с валютой, в какой валюте лучше везти деньги, или можно и рубли в в рупии перевезти уже на острове? Знакомые говорят, лучше сделать карту Тинькоф, так как комиссия будет меньше. Очень буду благодарна вам за ответ ",0,1
"Инна, здравствуйте, вы не против, если размещу пост здесь о сборе для мальчика с сма? У них осталось всего 3 дня до закрытия сбора.",1,0
"Мамы, подскажите, ходили ли вы на бесплатные массажи от поликлиники? Вам понравились массажисты (не знаю как правильно назвать)? Как вели себя ребятишки? Интересует в первую очередь поликлиника номер 6",1,1
Развесили на Кузьминской? В этом секторе?,0,0
А едите - то как на ночь сами? Как ребёнок? Чтобы до утра хватило сытости? Много сосет?,1,0
"И онлайн как там покупаете? Весной пыталась, ничего не получилось из уценки заказать",0,1
"Добрый день всем, кто нибудь знает на Бали профессиональный магазин для парикмахеров? Решили с мужем ножницы купить, местных хоть стричь от скукии я бы себе голову покрасила мы семейство парикмахеров, застряли тут)",1,1
Тут бравл старс? Или террария,0,0
"Добрый день. Скажите пожалуйста, если у ребенка остаточные сопли 1) как их изгнать? Промывание физ раствором, проветривание, увлажнитель, прогулка. Всё? 2) велика вероятность заразить другого ребенка?
Спасибо ",1,1
"Здравствуйте, подскажите пожалуйста, где можно купить льняную одежду? ",1,1
"А зачем мне быть врачом? Я сужу по людям по их действиям. Меня сейчас пытаются проколоть жижкой те свинособаки, что
1. Спокойно смотрят на эпидемию ВИЧа
2. Очень бодренько порезали онкологию (у меня папка от онкологии умер, желаю каждой халатной обезьяне так же закончить)
3. Сами продолжите, мне лень",1,0
"Девчонки , как думаете тест на овуляцию даёт верную информацию ? Хочу вычислить овуляцию когда проходит)",1,1
"Зачем? Наоборот, с ним легче",1,0
"Девочки, может кто-то был в музее на свалке полигон ТБО? Как там платно или нет? Раньше говорят было бесплатно,а сейчас платно. Ни разу там не были.",0,1
"Чангу-Убуд!!! 
Доброе утро, девушки! 
Кто хочет поехать в Убуд из Чангу завтра или послезавтра? Можно взять общее такси. Либо если кто-то едет в ближайшие дни- возьмите плз одного человека ",0,0
"Может тёплую пеленочку на животик класть. Воду, смесь не даёте? Днем если плакать начинает,  пробуйте позу Будды,  и в душ уходите,  в ванночку ребёнка можно, включать белый шум, массажик по часовой,  кто то Эспумизан,  бейбикалм даёт,  всякие ветрогонные",0,0
"А вы первый раз подавали? Я повторно, просто",0,0
Девочкм кто ребенку ээг во сне делал? Как это поисходит и можно ли в матрешке слелать ? два года ребенку,0,1
Какие крылья лучше? Стимпанк или огненные,1,0
"Пришёл врач и что-то много написала.. подскажите это нормально или много? Панавир, вибрукол, промывать нос, капать аквлор, делать ингаляции с физраствором часто (5-6 раз) и дышать 10 минут, поить минералкой",1,1
"Всем привет! Подскажите пожалуйста, где можно научиться играть на барабанной установке??? Желательно Букит
......Или где можно синтезатор взять погонять?) 
Музыки не хватает ",1,1
"Соседи, доброе утро! Кто-то сможет открыть гараж 3 корпуса в 9-9.10? Ключ случайно забрали, а выезжать надо ",1,0
"Доброй ночи ,  кто делает маникюр в чангу ? :)",1,1
"Скорее всего срочно ничего не надо делать. Наблюдать. Какой срок? У меня было 8мм с 36 недели. Прямо перед родами в роддоме измерили ещё раз расхождение костей и вес ребёнка (приняли решение и КС). В любом случае, помочь сильно нечем, только наблюдать. 6 мм - это не критично, насколько я знаю.",0,0
А какой у вас погружной блендер? Там и миксер насадка есть в комплекте?,1,1
"Пытаюсь не волноваться( но первый ребёнок, первая простуда( а бронхипрет вы пили, эффект через сколько был заметен? Просто мне кажется он ещё чаще стал кашлять. Или это хорошо, что мокрота отходит?",1,1
Про йа йа бывают сериалы? ,1,0
да? круто!,0,0
девочки кто-нибудь водил на массаж детишек в ПК 2? есть результат или лучше платно искать?,1,1
"Зачем? Почему бы не сказать «я люблю тебя, мамочка, все будет в порядке, я сейчас отдыхать» и не отключиться?",1,0
На себе носите. Проблема то в чем? Всяко лучше чем в лифте заражаться самим и заражать другиз,0,0
"Здравствуйте! А у них есть требование предъявить ПЦР? Летали во Владивосток - ничего нигде не сдавали, даже температуру нигде не мерили",1,1
"А вам сколько? Вроде недавно обсуждали, что лучше испортить зубы чем психику  нам 10 месяцев, недавно стали чистить силиконовым напальчником (если есть такое слово), пока нравится, чешет десна заодно",1,0
"Народ, кто делал или будет делать оценку недвижимости? Поделитесь контактами и выгодными предложениями, если такие есть...",1,1
"Девочки, кто знает, где в Чангу открытый массажный салон? Чтоб не совсем маленький на дороге, а поприличнее..",1,1
"Ого , а как называется магазин ? Может помните ?",1,0
"Девушки, посоветуйте
На какие рисовые террасы лучше ехать? В Убуд или Табанан. И сейчас вообще актуально или лучше в другой месяц?",0,1
"Добрый день.  Подскажите, пожалуйста, стоит ли ребёнка отдавать на скорочтение и ментальную математику? Стоит своих денег?",1,1
"Подскажите, где в октябрьском районе можно купить клеевой пистолет? За 300рублей.  Но не выше (((",0,1
"Девушки, доброе утро! Подскажите пожалуйста можно ли взрослому самому без направления врача сделать флюорографию в ПК? Давно не делала, не помню",0,1
"Девочки, подскажите по прививкам. Мы ставили в 3 мес.превинар, больше его не повторяли. Сейчас в год педиатр отправляет ставить приорикс.  Есть смысл прививаться от нового, когда цикл ""старого"" не закончен?  перерыв большой уже получился",1,1
это мертвый чат!? Давно на кладбище не был.,0,0
"Ледяные? Синие, бледные или розоватые?",1,0
Ты угараешь? Мне эти пластырь только так валят бесит уже,0,0
"с аймака 27 дюймов, и? ура! я не средестатистический ))",1,0
"Кстати, Федун заплатит неустойку Зареме, как думаешь? И если да - то чем ",0,0
"девочки, кто-нибудь хочет как-нибудь вечерком встретиться, поболтать? буду рада новым знакомствам) 
Чангу",1,0
Блять я Прайма убить не могу как я буду Мун лорда убивать? Это полный пиздец на мастере,1,0
А вы в чат 5-ого корпуса не хотите добавится? Обычно на проблемы своего корпуса люди активнее реагируют. Тут все-таки с 10 домов народ.,0,0
"Этот один раз был в каком возрасте? Если уже почти 4 года, какой срок знакомства с горшком?",0,1
"Оу, разве? Оке",1,0
"Как шлагбаум исправит тот факт, что парковка забита? Она так же будет забита автовладельцами из ОП. На огромный дом 50 мест, там так и будут все стоять друг у друга на голове и загораживать проезд.
Шлагбаум только добавит неудобств.",1,0
"День добрый товарищи, окажите пожалуйста помощь советами, недавно начал играть более менее серьезно, раньше пробовал, но имея карту со всеми вещами сложно удержаться, сейчас все стараюсь в своем мире добывать, возникло пару вопросов,  
1. в дохардмодном мире крылья никак не получить?
2. Убил глаз, пожирателя миров, скелетрона, пчелу, остаётся только стена плоти?
3. Что нужно сделать до перехода в хардмод?
Почитываю фандом вики, но не всегда все понятно, не стомт ли сейчас обнести зараженные зоны слоем кирпича чтоб в хардмоде они не распространялись? Буду признателен за советы",0,1
"Кому небольшой
Приятный Домик? 
Фруктовый Сад
И бассейн +

Район - Тихий отдых в ПриУбудье))",1,1
"ты сейчас высрал тупа бессмыслицу, в чём смысл идиотских обновлении? 
тебе по любому не больше 14, так как обновления не масштабные, но заточены под разную тематику, поэтому меняется второе число, нежели первое 1.х
чекай игры, где такие вещи добавляются с помощью длс, в тот момент, когда в терки это просто обновление",0,0
У меня вот вопрос всегда возникает по поводу массажа на дому. А где они делают? На кровати? Все же жирное потом,1,1
"Бля чел, ты не понимаешь? Мой посыл- пираты пидарасы",1,0
"А справку о составе семьи где берете? Это типо вы,муж и ребенок?)",1,1
А сколько ребенку? И почему нельзя?,1,0
И почему корью болеют привитые? Странно как-то) ладно бы болели непривитые. Много вопросов в части прививок.,0,1
"У нас примерно то же самое((( подскажите, пожалуйста, где купить бесконтактный термометр? Многие врут, нужен надежный. У вас какой?",1,1
"Не, вы не думаете радикально так, но вдруг? Может таки зубы, полезут и пройдёт. Меня шерсть дико бесит, я раз в 2-3 мес вожу в подстрижку кошачью... Ребенку - то как эти сопли, потому что чешет и чешет, понятно, но доставляет ли это ему дискомфорт, как настроение? А если спит норм при этом..то как бы? Ну пусть потекут, пусть почешет
.. Не?",0,0
"Всем привет  
Девчонки, кто-нибудь брал инструктора по вождению мото?  (Хочу научиться ездить на спорт байке) Если да, поделитесь контактами ",1,1
"А где вы их покупали? Потому что такие валенки которые в нашем детстве были сейчас не нахожу. Сейчас войлок какой-то странный, типо с синтетикой",1,1
"Девочки, у кого у ребенка находили стафилокок в кале? Что врач приписывает из лекарств? Сегодня забрала анализ, завтра идем к педиатру, надо подготовиться",1,1
Почему? Считают чем больше власти у верхушки тем лучше?,1,1
"я то ли сплю, то ли и правда совсем не понял, как мы от компании за столом перешли к парковкам? :)",1,0
а сколько стоит школьный обед? в день,1,1
Почему ко мне должен придти? Других за людей не считаете?,1,0
А могут колики начатся в 2 месяца и позже? А то нас они особо не беспокоили. Вот я думаю ждать нам их или нет ,1,1
"Ну Вы написали, что думать раньше надо, вот и уточняю, насколько раньше? ))) так как коляску все равно придется покупать, а они, как я уже писала, +- одинаковых размеров. Поэтому вопрос тут рожать/не рожать)",0,0
"Всем привет подскажите, где на Буките можно распечатать пцр-тест?  
Желательно по пути из Нуса Дуа в аэропорт",1,1
"Да, но как я понял, тебя удивляет его возраст, но Терзич тоже молод, почему тебя тогда Терзич не удивляет? Или вопрос в другом?",0,0
"Девочки , кто-нибудь делал деткам загран паспорт в ближайшее время ? ( старого образца )Как долго у нас в Иркутске эта процедура занимает времени ?",1,1
"Не совсем так. Днём вы можете пробовать их не одевать. Опять же с горшком уже все отлично? Если да, то тогда дневные эксперименты будут комфортны. И ночью важна зрелость нервной системы. Лучше не торопить.",0,0
"Привет, девочки ! 
Подскажите, пожалуйста, проходили ли вы на Бали где-то общее обследование организма? 

И может быть кто-то знает где можно сдать панель на витамины и гормоны? 

Спасибо ",0,1
Что за акула ? и откуда взял ?,1,0
Подскажите пожалуйста  у кого нибудь есть босоножки такие? Нужны на съемку ,1,0
"Девочки, решила сделать творожную запеканку, а форма слишком большая, получится очень тонкая( можно ли в стеклянной посуде запечь в духовке? При 200градусов",0,1
"Вопрос не по теме: дети просят завести собаку, кто собак держит скажите как справляетесь с маленьким ребёнком и с собакой в плане выгула? Какой режим сколько раз выгуливаете? И хочется и сомнения терзают ",1,1
"Не просит и не ест предложенное. Дневник не вела, в чем его смысл? Конечно все говорят отучать.",0,0
"Девочки, врач в Москве прописала антидепрессанты. Был ли опыт покупки на Бали через психиатра местного или без рецепта в аптеке? Нужен эсциталопрам (ципралекс, селектра, элицея).",1,1
"Доброе утро. Девушки, подскажите, где в Иркутске быстро купить меш-небулайзер или мембранный небулайзер? Не ультразвуковой",1,1
"Девочки, а есть кто-то, кто научился дайвить несмотря на панический страх? Напишите (можно в личку), пожалуйста, про свой опыт!",1,1
Пока вроде бы живой? А значит усе это провокация и развод на эмоции инфантилов.,1,0
что там дописывать? финито же давно,1,0
"Всем привет. Мамы, есть кто- то контактный по ковид, который не заразился? реально контактировать и не заболеть?",1,1
Да. Я что поделаю? Есть второй вариант. Ждать,0,0
"Потому что я не припомню ни одного исследования, рекомендаций на этот счет. Ну и чисто логически, в чем смысл брызгать на щеку? Ребенок сглотнет со слюной и все. Это бесполезная трата денег, времени и нервов ребенка. Мое мнение)",0,0
"Кстати, как вам его преподнесли? Он еще не монтирован? Просто в комнате чтоль стоял?;)",1,0
"Девочки, у кого есть свободная комната на красивой вилле? Готова присоединиться  или кто может тоже ищет жилье, давайте объединяться и вместе снимем афигенную виллу ",1,0
А почему маски не воруете? Какая разница что украсть 42 рубля у метрополитена или маску в магазине))))),1,0
"Здравствуйте мамочки, поделитесь чем вы в период прорезывания зубиков спасались ? И от аллергии что помогало? Нам сейчас 3 месяца и думаю надо покупать уже, что бы было.",1,1
"Сожалею что моя фамилия вам не понравилась,  хотя при   обращении её произносят. А как вас произнести? Точка.. Так не ты один с точкой",1,0
Всем привет. Где на Бали можно купить витамины В 12? Может кто астральный? Напишите в личку пожалуйста ,0,1
"Как перестать бояться ? Какую установку дать себе , чтобы проецировать хорошие мысли ?",1,1
"Всем добрый вечер! Мамочки скажите у кого может было такое? Малышка сильно испугалась,  вздрогнула и очень сильно заплакала, плакала долго кое как успокоили. Испугалась, потому что рядом упала игрушка.  Теперь весь вечер плаксивая, у нее конечно могут быть колики ей всего полтора месяца.  Но я теперь переживаю, может быть испуг? Что может за этим следовать? Что лучше теперь делать? Подскажите пожалуйста ",1,1
"А время конкретное назначали? Если ребенок уснуть не может,  они будут ждать?",1,0
"Расскажите поподробнее)) когда и откуда выезд, во сколько в Иркутске? У вас есть расписание какое-то? И это обычная электричка?",1,1
"Ого! Круть! Можно ли с травмой (разрыв мениска)? соответственно, не смогу нагружать колено",0,1
Неизвестно? Пока зам наверно какой-то? А мэра разве не выбирать должны после отставки/перевода?,1,0
Вы пробовали кратом на вкус?  ни один человек в здравом уме такой кофе пить не будет,0,0
Да? А это тогда что?!,0,0
"Девочки, кто-то делает маникюр/педикюр с выездом к клиенту? Я в сануре живу, и пока не могу выехать из дома, тк недавно родила. А красоту на руках/ногах хочется видеть уже сейчас)",1,1
"Девочки, нам три недели. Малыш хрюкает, натурально так, как , это нормально? Что-то это сильно для всего-то тонких хрящей, как мне кажется. Что это может быть?",1,1
"Всем привет. Сильные ли проблемы с вонью с полигона тбо, мусоросжигательного завода и нефте-перерабатыаабщего завода неподалёку? Реально ли все так плохо с экологией, что в десятки раз увеличилось количество смертей от онкологии?",1,1
А кто отправлял отсюда вещи посылкой в Россию? Поделитесь пож контактами ,1,1
К остеопату обращались? Стоматолог уздечку смотрел?,1,1
Ты кто? Что у нас делаешь?,0,0
Девочки! А кто то может с собой имеет Октенисепт ? И готов отлить чуть чуть)?,1,0
Это все? Вы закончили?),0,0
"Получается что вы водили дочь частный садик и там ей понравилось? У меня складывается впечатление, что в частных садах детям больше нравится, чем в муниципальных. Ни разу не слышала чтобы в частный сад ребенок шел со слезами",1,0
"Привет!
А кто-то знает кто обучает игре на пианино? ",1,1
"Как это ничего нельзя кроме сухарей? Это кто Вас так напугал?!
Можно практически все то, что кушали всегда, кроме явных аллергенов и меньше красителей",1,0
"Со всем к вам уважением. Вижу вас в этом чате постоянно , как вы реагируете на все происходящее. И с вами во многом солидарен. И мне НЕ нравится количество чужаков на территории , НЕ нравится отсутствие безопасности в районе, НЕ нравится подход УК к своим обязанностям и ещё много чего тут не нравится. Так Может от слов к делу перейти? Может возьмёте на себя инициативу по забору вокруг ЖК или ещё чему -то?",0,0
А почему в 100 лет не хотите к ней? Там все просто по записи - раз в месяц утром позвонить,1,0
"Девочки, меня начал мучать вопрос- глистогонить детей. Где-то вычитала, что нужно раз в пол года. Нужно ли это? Правильно ли это? 
Мучает вопрос, потому что нет-нет, да и съест песок и камни оближет. Хоть я и рядом все время и внимательно смотрю, но стоит на несколько секунд отвернуться - некоторое идёт в рот! Благо сразу отдаёт мне то, что попыталась лизнуть или съесть",1,1
"Девочки привет) я видела где-то фото оленей, с чекином кута
Может кто-то из вас знает где они? 
Так хочу посмотреть
Если конечно они добровольно там обитают",0,1
"Девочки, где Мерисы трусики по акции сейчас?  Что то в моих привычных магазинах цена кусается",0,1
"Соседи, у кого-нибудь есть тележка? Задача: перенести много легких коробок в соседний дом",1,0
"Я первый раз эту фирму просто увидела, искала чтобы подошва гнулась и задник был зафиксирован, а не жёсткие ортопеды. По виду везде регулируются. Наверное, за май наденём туфли на улицу раза 4)) а потом может дорастём на сантиметр? Или нет!?",1,0
А чего там? Толпы?,1,0
Тебе плохо? Сегодня 3е,1,0
"Девочки подскажите, срок 36 недель, уже около недели побаливает низ живота как перед ментами, когда сижу (лежу) не болит, а при ходьбе начинается..говорила врачу сказала пить магний. Это нормально? А то переживаю....",1,1
Почему в больницу Вас не взяли? Не откапали?,1,0
Спасибо ))а чем можно намазать ?? Или  таблетки какие-то?,1,0
"Девушки, может у кого-то есть контакты, кто картошку продаёт? И подскажите, пожалуйста, сколько мешок сейчас стоит, чтоб с незнания не развели",0,1
"Девочки Подскажите, вопрос от моей подруги , ребёнку 6 месяцев , месяц назад вылезла аллергия , щеки все красные и на подмышках , красные точки , прикорм пока не вводить , а вдруг аллергия не исчезнет ещё месяца два ?? И что делать как отслуживать реакцию на продукты",1,1
"Дамы прекрасные, где купить гуаша? Не валик, а лопаточку",1,1
"А кто то же писал про такси, где женщины работают? Или это авто няня, которая увозит детей в школу и на кружки. Точно не помню, но где то в этом чате была подобная инфа давненько.",0,0
"Всем здравствуйте! Подскажите пожалуйста, может кто знает как сейчас принимают в Иваново матренинской? На улице очередь?",0,1
"Девочки, подскажите, сколько дней ждать реакцию на прививку Акдс (пентаксим)? Реакция сразу может проявиться или через несколько дней?  И если появилась, то через сколько дней проходит?",0,1
"Здравствуйте, подскажите чем спасались во время беременности от насморка? Лор выписал тизин или нафтизин и ещё проторгол. Почитала анатацию, что во время беременности нельзя их. Да и нафтизин вроде привыкание вызывает (",1,1
"Знаете, чем меня привлек этот человек? Для него  ""уважать альтернативную точку зрения"" и ""уважать НАЛИЧИЕ альтернативной точки зрения"" разные вещи.",1,0
"Девочки, кто знает, где педикюр сделать недорого в Семиньяке? Можно без покрытия даже, просто ножки в порядок привести.",1,1
Ну и? Я тоже Иван,0,0
То есть пцр каждые 72 часа не подойдёт? Нужна именно вакцина?,1,1
Почему никто? Мы в неё ходим. Хорошая школа.,1,0
